Faction,Server,Tag,Player Name,THP
Enemy,968,FKX,Yurgensen,148377699
Enemy,968,IMRG,Armored Sleep,143419930
Enemy,968,BdBr,Yasmin 16,141762755
Enemy,968,BdBr,Happy Goddess,140949159
Enemy,968,FKX,Aylin64,140423982
Enemy,968,BdBr,2AK,139743875
Enemy,968,BdBr,XxKVDxX,139632607
Enemy,968,TGnG,Bo90do,137831017
Enemy,968,TGnG,AdanalıUğur,136472813
Enemy,968,FKX,Ale umiltà Palla,135571725
Enemy,968,TGnG,J ReX,133558452
Enemy,968,BdBr,Torpedro,133448440
Enemy,968,TGnG,fattalite,133393317
Enemy,968,TGnG,GamzeBeauty,132902412
Enemy,968,BdBr,ROCKET MAN,132440322
Enemy,968,BdBr,ALQURASHI300,131863480
Enemy,968,BdBr,Last 13 Days,131780879
Enemy,968,FKX,Soledango,131588181
Enemy,968,IMRG,Svenn0,130653669
Enemy,968,TGnG,Huffski,130390257
Enemy,968,FKX,beb71,130146748
Enemy,968,BdBr,NiKØs,129631208
Enemy,968,TGnG,Kazikazi,129235274
Enemy,968,FKX,ZimaBlu,129046915
Enemy,968,TGnG,xCerealKillerx,128993115
Enemy,968,FKX,Bozzze,128117684
Enemy,968,BdBr,Aysegul14,127231178
Enemy,968,BdBr,Finn Kadamov,127051743
Enemy,968,TGnG,Orcades,127038992
Enemy,968,BdBr,iTzTriXx,126655279
Enemy,968,IMRG,Maudzilla,125555130
Enemy,968,TGnG,Cptn42,125516881
Enemy,968,FKX,asmael salm,125504752
Enemy,968,BdBr,TIZONA,124707605
Enemy,968,FKX,A R V Y D S,124002882
Enemy,968,TGnG,Bucky Pew Pew Barnes,123717315
Enemy,968,IMRG,JuRo7,123455950
Enemy,968,BdBr,zaMną,122610325
Enemy,968,FKX,I74 Scorpion TrJr,122396467
Enemy,968,IMRG,Bryans9,122319852
Enemy,968,GVo,RaV4GG,122274132
Enemy,968,BdBr,Kaspu77,122045718
Enemy,968,FKX,Vince24000,121632547
Enemy,968,BdBr,RickyHunter,121430518
Enemy,968,FKX,I74 black mamba,121420683
Enemy,968,BdBr,Burning Ben,120452431
Enemy,968,IMRG,Guillome2k,120400368
Enemy,968,IMRG,Ayrin Ochoa,119941476
Enemy,968,FKX,TabZz,119814733
Enemy,968,WOTH,Alucard,119736203
Enemy,968,Kgl,Dand37ion,119527953
Enemy,968,FKX,Huguy32,119079814
Enemy,968,BdBr,Finnish Flash,118921495
Enemy,968,IMRG,Armored Grub,118788997
Enemy,968,BdBr,AlexLehrer,118758624
Enemy,968,TGnG,Baran taylan,118574601
Enemy,968,TGnG,Damaged Hornet,118555222
Enemy,968,BdBr,Lakiks,118274496
Enemy,968,GVo,Alexkid87,118071188
Enemy,968,BdBr,to stop,118055509
Enemy,968,TGnG,Roxasora,117952381
Enemy,968,BdBr,Turbo charged Ted,117840306
Enemy,968,FKX,Sanglier1695,117564824
Enemy,968,FKX,Boroda24,117535837
Enemy,968,BdBr,Maucer 47,117505122
Enemy,968,BdBr,A l d o,117494591
Enemy,968,IMRG,Benj,117374582
Enemy,968,TGnG,Toonarmy99,117185803
Enemy,968,IMRG,BIST,116821287
Enemy,968,TGnG,Flo1337,116761061
Enemy,968,BdBr,Bolo99,116687076
Enemy,968,FKX,Spy Ka,116610197
Enemy,968,TGnG,Yoss49,116386431
Enemy,968,FKX,Blacksparrow34,116145567
Enemy,968,FKX,mhunt 亗,116035837
Enemy,968,BdBr,serkannn74,115826467
Enemy,968,FKX,Magda18,115816909
Enemy,968,IMRG,Bulldawwg,115780352
Enemy,968,BdBr,Ali G,115622335
Enemy,968,TGnG,Genius Coyote,115618370
Enemy,968,TGnG,Niodir,115407896
Enemy,968,BdBr,raulbbit,114942309
Enemy,968,WOTH,max binford,114912253
Enemy,968,BdBr,Willy Wonka0,114894549
Enemy,968,IMRG,4olic,114763095
Enemy,968,BdBr,P I C K L E,114682780
Enemy,968,TGnG,Isadøra,114626724
Enemy,968,TGnG,M U N K K i,114604376
Enemy,968,BdBr,T Hagen,114539001
Enemy,968,IMRG,Nutz43v3r,114302897
Enemy,968,BdBr,Butttman,114302658
Enemy,968,FKX,Cédric688,114286313
Enemy,968,FKX,CalyCinci,114151376
Enemy,968,BdBr,NANO MALEFICO,113909246
Enemy,968,TGnG,Mir ist Igel,113823924
Enemy,968,BdBr,ÖmerF,113608344
Enemy,968,TGnG,Nemesis Angel,113529887
Enemy,968,BdBr,GHOST,113399709
Enemy,968,TGnG,Tao bye bye,113242639
Enemy,968,FKX,Mrs Midnight Storm,113047556
Enemy,968,UAII,Ukrainian sniper,112986091
Enemy,968,FKX,Bibras,112803416
Enemy,968,BdBr,sallys123,112740477
Enemy,968,GVo,AudreyOfficiel,112629169
Enemy,968,UAII,acidburn2000,112452408
Enemy,968,TGnG,tomraver,112337306
Enemy,968,TRPx,DEMİRPENÇE,112205922
Enemy,968,TGnG,MB123456,112164694
Enemy,968,BdBr,N O I S I A,112031164
Enemy,968,BdBr,Dracone the alone,111636331
Enemy,968,TGnG,colian,111336440
Enemy,968,TGnG,KC1314,111303005
Enemy,968,IMRG,Sub6694,111213620
Enemy,968,IMRG,JerseyCat,111035511
Enemy,968,FKX,MomoSpark,110887159
Enemy,968,IMRG,Neelix1287,110824473
Enemy,968,TRPx,GuavaJunker,110570329
Enemy,968,BdBr,rcpbgc,110468376
Enemy,968,BdBr,mam CK,110442286
Enemy,968,BdBr,07 Aziz 07,110275878
Enemy,968,WOTH,Lemmy 82,110185857
Enemy,968,TGnG,Gears of Laser,110154285
Enemy,968,IMRG,InvaderZim GIR,110095373
Enemy,968,FKX,razal1,110032922
Enemy,968,IMRG,GzzzzAzzz,109991514
Enemy,968,TRPx,Omar KM,109951303
Enemy,968,BdBr,疯狂牛牛,109824332
Enemy,968,FKX,Arnaud A14P,109747927
Enemy,968,TGnG,Scrambled Eggs,109375665
Enemy,968,WOTH,santino33,109295274
Enemy,968,TGnG,FloHke86,109232624
Enemy,968,TGnG,Jiggaboy,109224119
Enemy,968,BdBr,واحد كويس,108818927
Enemy,968,FKX,YouSOF,108703607
Enemy,968,TGnG,Rambocc,108641023
Enemy,968,TGnG,alaa 002,108591873
Enemy,968,UAII,Viola i,108572757
Enemy,968,IMRG,The great Alex,108404695
Enemy,968,BdBr,— Uzi —,108262743
Enemy,968,FKX,LisaFox2,108191547
Enemy,968,FKX,Akhs777,108157869
Enemy,968,TGnG,ScottyPi3,108020473
Enemy,968,BdBr,SamToxD,107840880
Enemy,968,FKX,oncle charlie,107817963
Enemy,968,BdBr,Amjad M Jadayel,107713614
Enemy,968,IMRG,pittu24,107713060
Enemy,968,GVo,sizart,107580617
Enemy,968,BdBr,OTTOMAN EMPIRE,107548039
Enemy,968,BdBr,Gooner Army,107495242
Enemy,968,FKX,Ronan V2,107412422
Enemy,968,TGnG,Torakko3nso,107275112
Enemy,968,BdBr,Kitchietoez,107159167
Enemy,968,TGnG,TorWar,107111063
Enemy,968,Kgl,Stefan0501,106926210
Enemy,968,FKX,D zerteur,106901491
Enemy,968,BdBr,Serkan009,106891678
Enemy,968,TRPx,pacolau,106824612
Enemy,968,???,killerzxs,106806019
Enemy,968,BdBr,CvMaяc,106800305
Enemy,968,FKX,Kodiak,106588156
Enemy,968,IMRG,Zaidbe,106545859
Enemy,968,FKX,JoshJosh34,106423570
Enemy,968,IMRG,Emmizen,106402728
Enemy,968,FKX,PAPY FRANCKY,106382977
Enemy,968,IMRG,MaMa Pilou,106072799
Enemy,968,IMRG,Dr Oblivion,106063085
Enemy,968,TGnG,JOoOD,105892891
Enemy,968,FKX,satage,105869322
Enemy,968,WOTH,Micha 79,105794587
Enemy,968,TGnG,Mr Muffy,105746481
Enemy,968,WOTH,Matosajo,105723982
Enemy,968,BdBr,priisti,105722329
Enemy,968,BdBr,omergok,105681182
Enemy,968,BdBr,amiramir1981,105642763
Enemy,968,BdBr,AboOmarr,105566089
Enemy,968,BdBr,Hisham Ab,105175438
Enemy,968,FKX,Orysha,105163467
Enemy,968,IMRG,Shelen19,105090332
Enemy,968,FKX,danius the first,104983241
Enemy,968,FKX,osamaa711,104949736
Enemy,968,UAII,Ankinka,104911578
Enemy,968,TGnG,StOrmBlessed,104891432
Enemy,968,TGnG,Darwin 44,104868870
Enemy,968,FKX,Casio Mitsurugi,104853693
Enemy,968,BdBr,BlackbrabusBMf,104843845
Enemy,968,BdBr,Beeni85,104716448
Enemy,968,BdBr,Memo Famous,104565645
Enemy,968,FKX,blizze,104555771
Enemy,968,IMRG,Mondzika,104509949
Enemy,968,FKX,bobbydunord,104463125
Enemy,968,WOTH,LastxxxHope,104419551
Enemy,968,IMRG,Rosherknee,104417797
Enemy,968,Kgl,El Gato,104335493
Enemy,968,IMRG,AgustaMV,104276588
Enemy,968,FKX,trivy76,104168168
Enemy,968,Kgl,FortFjell,104126227
Enemy,968,GVo,GhosT CarteR,103929318
Enemy,968,FKX,Sid1986,103677488
Enemy,968,BdBr,Crammander,103523336
Enemy,968,TGnG,Dean Winchester91,103499181
Enemy,983,4PEx,KrakAttack,187668121
Enemy,983,TxCx,Hėrmës,180498030
Enemy,983,4PEx,Mikey8104,168241530
Enemy,983,4PEx,jack78901,165159254
Enemy,983,TxCx,Grey WolF,160988232
Enemy,983,KOv,Maelstr0m666,158739404
Enemy,983,4PEx,DeadlyxCupcake,155183845
Enemy,983,TxCx,亗ÝONKØ HÚLK亗,152648700
Enemy,983,TxCx,GotenMaximus,149469134
Enemy,983,TxCx,Dasheff89,145079349
Enemy,983,4PEx,Nunz A Fún,142411777
Enemy,983,4PEx,ScÿferRecøil,140841348
Enemy,983,4PEx,CaptNoFux,139745527
Enemy,983,4PEx,FAFOpewpew,137197834
Enemy,983,4PEx,Nh3cg28,136016229
Enemy,983,TxCx,KawaiiNekosan,135973267
Enemy,983,TxCx,Global Rising Sun,134951098
Enemy,983,FiRi,the broke dad,134451240
Enemy,983,TxCx,HappyG91,134350856
Enemy,983,FiRi,Pop Shot,133672808
Enemy,983,TxCx,General Kota,132038718
Enemy,983,4PEx,TayRey,132024735
Enemy,983,WKZ,YOURBOYDAVE,131927386
Enemy,983,4PEx,KINGSHT205,129801451
Enemy,983,TxCx,66impala,128636513
Enemy,983,KOv,DUKe,127913959
Enemy,983,TxCx,KUSHYKRIS 420,127412673
Enemy,983,4PEx,Kwangaroo,127285369
Enemy,983,KOv,D7Luda 루다,126668535
Enemy,983,FiRi,Overthinking this,126407375
Enemy,983,4PEx,azT,126349408
Enemy,983,4PEx,Outbackn,125992199
Enemy,983,4PEx,LAZ72,125570780
Enemy,983,4PEx,bumblefuq,125049268
Enemy,983,4PEx,incommunicado,124860794
Enemy,983,4PEx,MBDaddy24,124849541
Enemy,983,KOv,Eoieos,124663226
Enemy,983,WKZ,Snacks Bruh,124282794
Enemy,983,FiRi,Kioti44,123560003
Enemy,983,4PEx,Nathannx,123098424
Enemy,983,KOv,VaNessA,122630788
Enemy,983,FiRi,SirSethro,122385160
Enemy,983,4PEx,Ph4e,122123394
Enemy,983,4PEx,Yellow Wife Eye,121771924
Enemy,983,YYWW,Mayhem and Turmoil,121693193
Enemy,983,FiRi,Grizzly Addams,121502297
Enemy,983,KOv,Nyillestsldr,121353159
Enemy,983,TxCx,CptUnderpantz,120671403
Enemy,983,4PEx,Gaurangp,120246433
Enemy,983,4PEx,sakichi18,120133380
Enemy,983,4PEx,GrumpyOldLoveMachine,120083997
Enemy,983,KOv,Tater 85,119803277
Enemy,983,4PEx,어린왕ㅈr,119741581
Enemy,983,TxCx,AFsatcomOK,119355724
Enemy,983,WKZ,Muffler Man Jr,117072398
Enemy,983,4PEx,TripAces,116954730
Enemy,983,TxCx,KingJeremytheWicked,116650043
Enemy,983,TxCx,CptNoPants,116383975
Enemy,983,FiRi,Sir Cannot Sleep,114954328
Enemy,983,4PEx,Guy Smiley,114748557
Enemy,983,KOv,mYm,114533625
Enemy,983,WKZ,Grrrr79,114519451
Enemy,983,TxCx,Lost Poet,114040850
Enemy,983,TxCx,Mando931,113729895
Enemy,983,TxCx,Jlister,113717020
Enemy,983,KOv,DGBattle,113057744
Enemy,983,TxCx,Graceson,112673238
Enemy,983,JJD,커피주세요,112372723
Enemy,983,FiRi,DiddysOilSupplier,112166023
Enemy,983,TxCx,OhSnap,111289002
Enemy,983,APXP,Turbo69a,111004684
Enemy,983,KOv,우차사랑,110862168
Enemy,983,4PEx,YeYaYo,110724370
Enemy,983,4PEx,BAD BWOY NOLAN,110721191
Enemy,983,4PEx,zim zima,110624929
Enemy,983,4PEx,CamBaby,110534457
Enemy,983,4PEx,TankN,110458301
Enemy,983,4PEx,Moose Knuckle,110245002
Enemy,983,KOv,Trav1BH,109966101
Enemy,983,KOv,Greber,109906890
Enemy,983,4PEx,Heather519,109524417
Enemy,983,4PEx,Just Ever,109250223
Enemy,983,TxCx,亗 A 亗,109227573
Enemy,983,4PEx,PolarNcorner,109214797
Enemy,983,FiRi,War Poet,109097037
Enemy,983,4PEx,Scotty0724,108781164
Enemy,983,TxCx,CyclopsGraveyTrain,108631501
Enemy,983,WKZ,RampShaker,108590585
Enemy,983,WKZ,ChaosVoid,108579606
Enemy,983,KOv,Budman83,108559521
Enemy,983,4PEx,Scoopydoo1,108473675
Enemy,983,4PEx,BLADZ,108255719
Enemy,983,TxCx,HĂDES,108213173
Enemy,983,TxCx,imados,108135610
Enemy,983,4PEx,Gatita13,108057554
Enemy,983,TxCx,EZ ZILN OG,107890495
Enemy,983,FiRi,GOONIGOOGOO,107831267
Enemy,983,4PEx,Shmoz,107812237
Enemy,983,4PEx,Starfishninja80,107630262
Enemy,983,WKZ,Erjosesan,107618229
Enemy,983,4PEx,Picantebuffalowings,107183910
Enemy,983,KOv,Mmeil,106749924
Enemy,983,KOv,Fly wheel,106526775
Enemy,983,TxCx,Not A Top Player,106314533
Enemy,983,TxCx,Império Ganerso,106282309
Enemy,983,TxCx,Herm Kwon Do Master,106281329
Enemy,983,FiRi,Ona T,106230380
Enemy,983,4PEx,nXs,106000476
Enemy,983,TxCx,Rudkani,105944356
Enemy,983,4PEx,misa626,105941481
Enemy,983,KOv,CantDance,105663285
Enemy,983,KOv,The Bear 77,105632322
Enemy,983,4PEx,CCSAG,105508513
Enemy,983,KOv,Raeven Darkmoon,105480645
Enemy,983,TxCx,joseuman89,105460893
Enemy,983,4PEx,PatChel,105460179
Enemy,983,KOv,Sasquatch Marmalade,105348289
Enemy,983,KOv,Bruizzer929,105317588
Enemy,983,4PEx,Jinxxxxxxxxxxy,105262538
Enemy,983,FiRi,In Spades,104916171
Enemy,983,TxCx,Ênârâ,104882961
Enemy,983,WKZ,armyofmike,104774481
Enemy,983,FiRi,CLeC,104667928
Enemy,983,TxCx,CrashNap,104483963
Enemy,983,4PEx,FillySon,104370322
Enemy,983,KOv,Ataulicus,104336438
Enemy,983,4PEx,Vondie,104294785
Enemy,983,4PEx,Paint Chips,104276507
Enemy,983,JJD,골통 한방,103887758
Enemy,983,FiRi,The inquisition,103743941
Enemy,983,4PEx,xCRUSHYx,103659627
Enemy,983,WKZ,Oberon2023,103640732
Enemy,983,4PEx,Barn o zzy,103601840
Enemy,983,FiRi,Lil Spookie,103464371
Enemy,983,WKZ,kizza32,103359646
Enemy,983,4PEx,Spjp19,103356943
Enemy,983,4PEx,LMLYBH,103267751
Enemy,983,KOv,Westminster retreat,102931662
Enemy,983,WKZ,sunflower83,102865132
Enemy,983,FiRi,NutsO,102381193
Enemy,983,4PEx,Captin Dig,102277657
Enemy,983,4PEx,FirstDue,101862948
Enemy,983,4PEx,Killer Sal,101632999
Enemy,983,TxCx,incBlot,101600049
Enemy,983,4PEx,DingBae,101414429
Enemy,983,4PEx,3Phoenix204522,101197167
Enemy,983,WKZ,Omnimajik,101084826
Enemy,983,4PEx,Cap N Crunch,100988433
Enemy,983,FiRi,Dnl1910,100974871
Enemy,983,4PEx,WiderGlider,100860330
Enemy,983,4PEx,CoRnBreaD,100764264
Enemy,983,JJD,기아TIGERS,100705718
Enemy,983,JJD,울트라사운드,100561399
Enemy,983,TxCx,OG LANDMAN,100559624
Enemy,983,KOv,SongPa WiFi,100361747
Enemy,983,TxCx,Mëntal,100283128
Enemy,983,4PEx,KilgoreX,100253521
Enemy,983,WKZ,Corgi alliance,100048477
Enemy,983,4PEx,Joe Hiker,99936581
Enemy,983,KOv,gobirds SB59,99852025
Enemy,983,4PEx,VanillaKweku,99766967
Enemy,983,FiRi,SilencerAve,99667686
Enemy,983,TxCx,Morphun,99563504
Enemy,983,KOv,MackZeR,99324540
Enemy,983,WKZ,MrBP,99226306
Enemy,983,KOv,Zeeya0106,98989922
Enemy,983,TxCx,DrieDri,98981819
Enemy,983,4PEx,Bubbasauras,98749810
Enemy,983,TxCx,alancandil,98532843
Enemy,983,KOv,Mike Ooch,98315882
Enemy,983,KOv,Leona13,98102457
Enemy,983,TxCx,titostocchi,98053863
Enemy,983,4PEx,Cresus1337,97997953
Enemy,983,FiRi,Seedofjubal,97913270
Enemy,983,APXP,Illcutter,97777536
Enemy,983,KOv,Bmacaroni,97742168
Enemy,983,4PEx,JoKING,97663381
Enemy,983,TxCx,1234yf,97601797
Enemy,983,???,SubaruLove04,97405534
Enemy,983,FiRi,Loan Star,97328018
Enemy,983,TxCx,Nëřø,97253848
Enemy,983,TxCx,ZĖŻØ,97252142
Enemy,983,FiRi,ProjectCarAddict,97189041
Enemy,983,KOv,Im the Milkman,97015753
Enemy,983,TxCx,Fishy206,96724672
Enemy,983,WKZ,X080X,96710435
Enemy,983,TxCx,Anderson Krauss,96703512
Enemy,983,TxCx,Koda Dale,96693556
Enemy,983,FiRi,SunshineUSA,96356204
Enemy,983,TxCx,Ryan la Reina,96163918
Enemy,983,YYWW,Commander 1aec4983,96106111
Enemy,983,4PEx,Famz88,96044681
Enemy,983,KOv,JÜSTinTÏME,95857389
Enemy,983,4PEx,sosoagent,95500668
Enemy,983,JJD,고사동휘발유,95213296
Enemy,983,JJD,뚜루또,95171333
Enemy,983,4PEx,Stark25,95120563
Enemy,983,KOv,Freedom27,95017740
Enemy,983,TxCx,Jermz 420,94825566
Enemy,983,4PEx,SLOPPY SECONDS,94809032
Enemy,994,304z,drenched,226656842
Enemy,994,304z,KingCali310,215309023
Enemy,994,304z,Magic LW,211818007
Enemy,994,304z,THEORY23,205627191
Enemy,994,FUZZ,Kensei Chumba,203465939
Enemy,994,304z,SunnyDee17,195810701
Enemy,994,304z,Chrïs,193973809
Enemy,994,304z,SillyGooseOnTheLoose,187517886
Enemy,994,FUZZ,LeanneridestheBear,183622186
Enemy,994,FUZZ,릭 Rick,181811466
Enemy,994,304z,Empress KaAhupahau,179286652
Enemy,994,???,Lightning03,174938561
Enemy,994,304z,Punk Rock Warlord,169322515
Enemy,994,304z,Dragon farmer,167668756
Enemy,994,FUZZ,Hobie 호비,164220779
Enemy,994,304z,L ρ,163284021
Enemy,994,HRHm,John Wayne 32,160115709
Enemy,994,NAOW,Timmy Claws,158182779
Enemy,994,NAOW,Kreintrain,155301247
Enemy,994,304z,El Gordo91,154926564
Enemy,994,304z,Leonsloungin,151719606
Enemy,994,FUZZ,Alpengeist 악마,151391436
Enemy,994,FUZZ,Bwenty,150002601
Enemy,994,NAOW,Arrguss,149838651
Enemy,994,FUZZ,Delboy830,149247268
Enemy,994,304z,ODoyleRulz,148626181
Enemy,994,FUZZ,Gypsy11,148418164
Enemy,994,NAOW,IronVulture,148372247
Enemy,994,304z,xxxSiNxxx,148254465
Enemy,994,FUZZ,Temp2324,148059590
Enemy,994,HRHm,CrashChief,148013993
Enemy,994,304z,Ty13r7,145835214
Enemy,994,HRHm,Just Deb,144857126
Enemy,994,FUZZ,Ranoķ,144528066
Enemy,994,BJug,TarheelChief,144341928
Enemy,994,304z,Not As Vu1gar Swami,143116513
Enemy,994,304z,kiwi91,142714649
Enemy,994,FUZZ,MariaD22,142678344
Enemy,994,NAOW,RÂWR,142631655
Enemy,994,304z,Terrì,142625065
Enemy,994,NAOW,Jper12345,142612243
Enemy,994,FUZZ,ConnoR MacLeoD,142301131
Enemy,994,304z,Monteblan,140265285
Enemy,994,304z,SenseiMooSalah,139349448
Enemy,994,304z,GMoney73211007,139348279
Enemy,994,???,SANAK,139244044
Enemy,994,BJug,Red Dragon 24,139143568
Enemy,994,304z,Tecil,138964729
Enemy,994,BJug,Ethilla,138629994
Enemy,994,304z,HuDZ,138242328
Enemy,994,FUZZ,SajibApu,138216911
Enemy,994,304z,Monie,138131425
Enemy,994,FUZZ,GungaGalunga,137739979
Enemy,994,???,물웅덩이 Puddle,137388127
Enemy,994,304z,AMM01,136262973
Enemy,994,304z,SomeRandomSoggyPrez,136098274
Enemy,994,304z,钢铁Steel,135590327
Enemy,994,304z,Viking J,135048921
Enemy,994,304z,iSwallowEveryDrop,134285110
Enemy,994,NaOw,John1988,134252468
Enemy,994,FUZZ,ĄNGRY,134167485
Enemy,994,304z,PotKast,134047555
Enemy,994,BJug,Runnin Low,133892521
Enemy,994,304z,BOOTS,133884557
Enemy,994,FUZZ,Sgt P eppa୪୪,133781039
Enemy,994,304z,Zakkito,133430321
Enemy,994,304z,SavAndIvyCoffee,133388864
Enemy,994,FUZZ,Be S Be,133353047
Enemy,994,FUZZ,JOJO 亗,133320470
Enemy,994,HRHm,Black Bayou,132998692
Enemy,994,304z,Tater Thôt,132628493
Enemy,994,304z,aulstar,132520482
Enemy,994,304z,SolarGrave,131829625
Enemy,994,304z,Dithar,131737837
Enemy,994,FUZZ,Geisha Pippa,131671983
Enemy,994,FUZZ,death2duder,129771926
Enemy,994,304z,Charly1107,129641996
Enemy,994,FUZZ,Holli FuqsShítUp,129527841
Enemy,994,NAOW,chrome420,129033525
Enemy,994,304z,R A Y C H,128679180
Enemy,994,304z,런스 RUN,128355359
Enemy,994,304z,Zanla,128113270
Enemy,994,304z,Kurtis E tism,127976978
Enemy,994,304z,Knucksies,127793963
Enemy,994,BJug,PETEsMuffinδtuffins,127658981
Enemy,994,304z,CPLKyle,127465754
Enemy,994,304z,Captain grumpy,127064007
Enemy,994,FUZZ,Rikhopedia,126966693
Enemy,994,FUZZ,Serg13,126872050
Enemy,994,NAOW,TXBorderCzar,126700981
Enemy,994,304z,Eyelah Vanal,126545909
Enemy,994,304z,Zėn,126385447
Enemy,994,304z,KaseySC,126207562
Enemy,994,FUZZ,Nietwaar,126089428
Enemy,994,304z,TheLoneDeek,126002515
Enemy,994,304z,CmdtSomething,125695711
Enemy,994,304z,BoozyRyRy,125649828
Enemy,994,BJug,Kaijukitty,124942041
Enemy,994,FUZZ,Patryk doo doo doo,124772700
Enemy,994,NAOW,HammerTime00,124744782
Enemy,994,FUZZ,stavers,124573985
Enemy,994,304z,Emrÿs,124336659
Enemy,994,SLoW,꾼,124293512
Enemy,994,FUZZ,mυşιφ,123893224
Enemy,994,NAOW,dan6868,123834155
Enemy,994,FUZZ,angel of death,123632868
Enemy,994,FUZZ,Dynomyt,123314488
Enemy,994,OLYM,—OLYMPIA—,123048249
Enemy,994,304z,B H,122928211
Enemy,994,FUZZ,AAAlex77,122859673
Enemy,994,NAOW,JurassicPunk,122764783
Enemy,994,FUZZ,Uncle Grinch,122604580
Enemy,994,BJug,Gunner462,122366246
Enemy,994,NAOW,NinjaLove,122249824
Enemy,994,304z,Stìcky,122198123
Enemy,994,FUZZ,Bigg The Notorious,121344241
Enemy,994,304z,HaruMomiji,121123137
Enemy,994,NaOw,chiefengineer,121097818
Enemy,994,FUZZ,Tu PaPa wilber,121058964
Enemy,994,304z,ESVAPoppa,120971240
Enemy,994,304z,Biggy07,120623315
Enemy,994,304z,TheRogueRonin,120509097
Enemy,994,NAOW,Scärlet Knight,120505207
Enemy,994,SLoW,방가요,120397387
Enemy,994,SLoW,ShannyKittyKins,120356929
Enemy,994,304z,TeoLangpo,120249654
Enemy,994,304z,Kamicaza,119934825
Enemy,994,304z,Aul Star,119595121
Enemy,994,304z,DSLY3R,119347512
Enemy,994,304z,Thr34t,119179787
Enemy,994,SLoW,MOOPSY,119116002
Enemy,994,NAOW,RoBbA,118987607
Enemy,994,BJug,Ilivetorace,118675533
Enemy,994,BJug,B1gdaddy5,118656266
Enemy,994,FUZZ,Tommy x,118324301
Enemy,994,FUZZ,luffytaro 1,118315340
Enemy,994,304z,Eragon5443,117653085
Enemy,994,304z,krutter,117600323
Enemy,994,FUZZ,Tribelord,117555201
Enemy,994,NAOW,XxDanteXx,117350383
Enemy,994,FUZZ,Shart Your Engines,117342372
Enemy,994,FUZZ,Smallville954,117218313
Enemy,994,BJug,SlïckRïck,117164164
Enemy,994,304z,Big milky,116979639
Enemy,994,FUZZ,SomeOfDeez,116946340
Enemy,994,FUZZ,Mĩley Cyrus,116715387
Enemy,994,NAOW,Szeth the SinOfPride,116560338
Enemy,994,304z,Rubicon Raider,116493442
Enemy,994,FUZZ,HalifaxKnight,116436163
Enemy,994,NAOW,Missle Squad,116310407
Enemy,994,NAOW,Jmonkey95,116262553
Enemy,994,FUZZ,OCE Smash,115910570
Enemy,994,NAOW,ĐÄNÎCÄ,115647459
Enemy,994,SLoW,쟁이 LeGion,115644323
Enemy,994,304z,TheVengefulOne,115607762
Enemy,994,FUZZ,M u,115503610
Enemy,994,SLoW,도로비 dorby,115482610
Enemy,994,BJug,DemønPup,115462208
Enemy,994,BJug,Duryesdur,115037197
Enemy,994,FUZZ,The Italian Bob,114680913
Enemy,994,SLoW,pj iris,114627977
Enemy,994,HmAg,Pørkchitø,114512812
Enemy,994,FUZZ,ඞ J ඝ ᴎ ᴋ,114246151
Enemy,994,BJug,Firefighter1258,114243801
Enemy,994,FUZZ,Tuckerthedog,113977221
Enemy,994,DKVs,ItsaMario,113505238
Enemy,994,NAOW,BluBoi,113320957
Enemy,994,304z,MiXao,113081124
Enemy,994,SLoW,Feral Ranga,112882010
Enemy,994,NAOW,Cthulhu Cultist,112782977
Enemy,994,304z,Sūkuna,112736147
Enemy,994,FUZZ,Magestrix 장관,112734515
Enemy,994,SLoW,스마트슛돌이,112377606
Enemy,994,FUZZ,Moog13,112162688
Enemy,994,NAOW,DudetheDood,112037656
Enemy,994,NAOW,TwoCan Sam,112018023
Enemy,994,SLoW,RoniRoa,111796651
Enemy,994,304z,Grim Reapr,111678208
Enemy,994,NaOw,Sassy Ninja,111566572
Enemy,994,HRHm,Silver Back Dragon,111556948
Enemy,994,FUZZ,Jazzy Glittertøøts,111517793
Enemy,994,304z,1VFL,111383013
Enemy,994,FUZZ,Jøsé,111320953
Enemy,994,304z,SlothmanG,110948223
Enemy,994,HRHm,Zaxh5,110920830
Enemy,994,NAOW,Eustis373,110531417
Enemy,994,NAOW,pulga08,110402986
Enemy,994,HRHm,2Arights,110396173
Enemy,994,BJug,MetroMark,110385361
Enemy,994,BJug,Wiwiswar,110373323
Enemy,994,304z,Wiseguy13,110020068
Enemy,994,304z,killaCam92,109808684
Enemy,994,NaOw,MGCARVALHO,109700248
Enemy,994,304z,bambamneth,109577064
Enemy,994,BJug,Dromb,109513318
Enemy,994,BJug,Ricktr425,109472798
Enemy,994,FUZZ,Darth Talon,109314977
Enemy,994,304z,Quesadillaaa,109261629
Enemy,994,NaOw,Meister is Negan,109194086
Enemy,994,SLoW,assa4444,109125313
Enemy,966,LoYL,el Hombre NRT,206949821
Enemy,966,LoYL,Comandante 2baac977,200426322
Enemy,966,WIKD,Fullmetal,195971683
Enemy,966,WIKD,iTouchMyAlliance,183445352
Enemy,966,lux,NeedlesKane,180268622
Enemy,966,WIKD,966 SNAFU,177884042
Enemy,966,VvIP,우기사,173008705
Enemy,966,VvIP,악 괴,172935336
Enemy,966,LoYL,966hom,171756587
Enemy,966,LoYL,S H A F T,170337101
Enemy,966,SHPs,Coach Pureleaf,167553004
Enemy,966,???,Bunny ∩ ∩,167140320
Enemy,966,lux,Bang Bang Banger,167062742
Enemy,966,WIKD,DANNI,166445538
Enemy,966,VvIP,구육육,164623702
Enemy,966,WIKD,Drucle,164301462
Enemy,966,VvIP,틴스,163414174
Enemy,966,LoYL,Major TT,163165306
Enemy,966,WIKD,King God Seok,160434489
Enemy,966,LoYL,Churro72,160019495
Enemy,966,Risk,TimeLoop,156343874
Enemy,966,lux,Lord XF,155891654
Enemy,966,lux,JC 966,155758414
Enemy,966,LoYL,PrestgeWrldwide,154510918
Enemy,966,WIKD,TianaTho,153995365
Enemy,966,lux,Scylla M,153558156
Enemy,966,LoYL,DREXVANE,152755705
Enemy,966,lux,Eman6854,152494028
Enemy,966,VvIP,v아장아장v,152334005
Enemy,966,WIKD,SAFC1973,151689876
Enemy,966,LoYL,D么NNY ツ,150715389
Enemy,966,SHPs,FupaCabra,150034807
Enemy,966,WIKD,blonski,149963297
Enemy,966,WIKD,Blonski XIV,149583883
Enemy,966,VvIP,BKKk,149372556
Enemy,966,WIKD,Searle 세얼,149140923
Enemy,966,LoYL,Phantom Ghosts,148837007
Enemy,966,WIKD,Deaths Emissary,148311274
Enemy,966,SHPs,JRM280,147195044
Enemy,966,VvIP,킹 둥,146473912
Enemy,966,lux,ChristFigure,146276564
Enemy,966,VvIP,ʕ•ᴥ•ʔ,144802297
Enemy,966,VvIP,킹나교,144432727
Enemy,966,VvIP,킹아빠,143778079
Enemy,966,SHPs,Galaxy in the dark,143467973
Enemy,966,VvIP,짱 기,142714703
Enemy,966,lux,Viper,142619229
Enemy,966,lux,jsoob,141306821
Enemy,966,WIKD,931Syndicate,141009367
Enemy,966,lux,Weeenapoleon,140822154
Enemy,966,LoYL,Chancellor Zaddy Nex,139387825
Enemy,966,VvIP,킹쵸파,138783518
Enemy,966,VvIP,울산박사장,138764997
Enemy,966,SHPs,WafflezAndGluhwein,138414952
Enemy,966,WIKD,Yaffster,137398663
Enemy,966,WIKD,Winkiface,137060246
Enemy,966,LoYL,DREX K,136976446
Enemy,966,WIKD,DizzyPenguin,136790058
Enemy,966,WIKD,Bąndż,136653324
Enemy,966,WIKD,블롱 Blong,136415621
Enemy,966,LoYL,FREAKACHU,135694800
Enemy,966,WIKD,leecha,134983568
Enemy,966,WIKD,· MSG ·,134534075
Enemy,966,lux,BUGZ,133876464
Enemy,966,SHPs,pmac 1855,133864858
Enemy,966,VvIP,유 앤 아이,133574153
Enemy,966,WIKD,JuiczdChazil,133521859
Enemy,966,Risk,hølløweđ,133493468
Enemy,966,WIKD,Just DoggieDog,133452951
Enemy,966,VALR,Mrdude212,133228507
Enemy,966,LoYL,dday97,133113057
Enemy,966,LEXO,What iv Don3,132607694
Enemy,966,VvIP,악랄한킹쪼끄,132332804
Enemy,966,LoYL,TStrong,131547318
Enemy,966,VvIP,Rayban0010,131140916
Enemy,966,WIKD,NFS98,131003428
Enemy,966,LoYL,FortressD,130634355
Enemy,966,VALR,Agent Yor,130255529
Enemy,966,WIKD,Wild and Free,129819073
Enemy,966,lux,dman2563 4 prez,129774213
Enemy,966,WIKD,Harbringer of Death,129318125
Enemy,966,LoYL,Dráknor,129301688
Enemy,966,lux,GreySquirrel,129083247
Enemy,966,LoYL,DIDO Ghost,129012257
Enemy,966,VvIP,빵빵준이윤이,128939787
Enemy,966,lux,Bringer Of The Light,128887764
Enemy,966,LoYL,Mama Has Claws,128728470
Enemy,966,SHPs,Fullblown,128604378
Enemy,966,VvIP,킹마곡 ^ᴥ^,128497776
Enemy,966,WIKD,Cyber Topher,127848510
Enemy,966,WIKD,Ziggy4444,127651342
Enemy,966,LoYL,BigDarthDoza,127453507
Enemy,966,SHPs,Huck69,127357576
Enemy,966,VALR,Zülu,126723108
Enemy,966,lux,Menace to R4s,126261487
Enemy,966,VALR,Animeswordmaster,125961961
Enemy,966,SHPs,bobo11111,125932121
Enemy,966,lux,Cz3ro,125547610
Enemy,966,WIKD,TheMightyTrey,125519141
Enemy,966,VALR,Fk Ard and Find Out,125060798
Enemy,966,VALR,Ramos559,124854921
Enemy,966,SHPs,Lassus,124519488
Enemy,966,LoYL,Alex the Hut,124318510
Enemy,966,LoYL,Big tusk,124275420
Enemy,966,lux,Paranoid Pengiun,124196420
Enemy,966,LoYL,Fłashý,123382907
Enemy,966,LoYL,Miker1,123235826
Enemy,966,lux,Philo 14,123140194
Enemy,966,LoYL,Day Two,122920359
Enemy,966,WIKD,SamuraiCoyote,122606498
Enemy,966,VvIP,scm79,122603450
Enemy,966,VvIP,조용조용,122349840
Enemy,966,LoYL,Mad Max99,122293960
Enemy,966,VALR,Jacë,121943130
Enemy,966,WIKD,ComeBack Kid Eve,121506993
Enemy,966,VvIP,ෆ후라,121482189
Enemy,966,VvIP,꽥부장,121403544
Enemy,966,lux,Indrí,121213697
Enemy,966,SHPs,Craneplush,121160712
Enemy,966,SHPs,TWKegg,120940554
Enemy,966,lux,ツPoker,120585542
Enemy,966,WIKD,Ragg59,120535067
Enemy,966,DPrX,CausalSax,120467141
Enemy,966,lux,BeginnerBBQ,120290621
Enemy,966,SHPs,EmilyInWarland,119680232
Enemy,966,SHPs,Run Forrest Run 123,119622254
Enemy,966,lux,SimonLand,119116632
Enemy,966,LoYL,enzOpar,118996081
Enemy,966,SHPs,RandomActs,118830629
Enemy,966,VvIP,춘 심,118813277
Enemy,966,SHPs,usura00,118709071
Enemy,966,LoYL,Lale Gator,118499735
Enemy,966,SHPs,Bull DBM,118440687
Enemy,966,WIKD,MooseOnTheLoose,118311543
Enemy,966,VvIP,달콩ෆ샤넬,118078191
Enemy,966,Risk,LOෆT,118052709
Enemy,966,SHPs,xxxDevilmanXxx,117942697
Enemy,966,WIKD,Nuppi 스늅P,117816633
Enemy,966,lux,Fort BlueDog,117593196
Enemy,966,VvIP,난 왜 지민인가,117564426
Enemy,966,VvIP,잠 못 자는 Bacon,117493654
Enemy,966,WIKD,Lookrizzle,117456766
Enemy,966,WIKD,Soullessginger,117404759
Enemy,966,LoYL,Periwinkle1980,117355344
Enemy,966,lux,Neon Prowler,117291840
Enemy,966,SHPs,briz23,117012366
Enemy,966,lux,R A P A C I,116983396
Enemy,966,WIKD,ReturnOfTheMack,116753072
Enemy,966,SHPs,Spiced Rhum,116747111
Enemy,966,Risk,PowerWindows,116726131
Enemy,966,WIKD,xXKasTaNXx,116659422
Enemy,966,LoYL,Comandante Churro,116300020
Enemy,966,SHPs,Pirate Jacky,116100707
Enemy,966,VvIP,신사의 달밤,115867066
Enemy,966,Risk,Jim Bob SquarePants,115784921
Enemy,966,SHPs,mini japannnnn,115649679
Enemy,966,VALR,Slimsdain,115439132
Enemy,966,lux,Woz1971,115351942
Enemy,966,VvIP,제이텍,115309270
Enemy,966,WIKD,MerryMeg,115042135
Enemy,966,WIKD,Snikelfritz,114995570
Enemy,966,lux,AsuX,114941585
Enemy,966,Risk,Rosco81,114810332
Enemy,966,VALR,N4nDO,114791724
Enemy,966,lux,NeedaMotive,114772347
Enemy,966,SHPs,DeuceFox69420,114656734
Enemy,966,WIKD,LiL GiRFQUAKE,114599959
Enemy,966,VvIP,Louis119,114506959
Enemy,966,SHPs,Jwill23,114463749
Enemy,966,SHPs,General Danavis,114219667
Enemy,966,lux,Roller Z,114096756
Enemy,966,SHPs,Ulises g10,113955406
Enemy,966,LoYL,Sargeant JJ,113928612
Enemy,966,lux,CantGetR16ht,113906378
Enemy,966,LoYL,Tyrann285,113880847
Enemy,966,VvIP,이떠우,113736869
Enemy,966,LoYL,Krmkks,113525176
Enemy,966,SHPs,Vitachu,113492857
Enemy,966,SHPs,Tanky McTank,113397915
Enemy,966,lux,The Next Episode,113367515
Enemy,966,VvIP,복자애비,113181711
Enemy,966,VvIP,수락산호랑이,113180166
Enemy,966,LoYL,Tomcat9074,113055940
Enemy,966,Risk,RJOh My Stars,112951151
Enemy,966,SHPs,Copper The babayaga,112906607
Enemy,966,WIKD,FinalDestination,112707660
Enemy,966,SHPs,DethMCrafter,112653617
Enemy,966,WIKD,Destroyerer,112362587
Enemy,966,VALR,ParisNOLA,112273773
Enemy,966,SHPs,TazoDorado,112101419
Enemy,966,LoYL,Sultan Ozzy,112058605
Enemy,966,LoYL,SuperD79,112014878
Enemy,966,LoYL,W A R P A T H,111715319
Enemy,966,WIKD,LOWBALL,111658490
Enemy,966,lux,Mikefly7,111484555
Enemy,966,VvIP,ෆ제이콥,111413161
Enemy,966,lux,BirdsofGreen,111133695
Enemy,966,WIKD,Time To Clean Up,111048747
Enemy,966,lux,Force McLovin,111009987
Enemy,966,WIKD,DON MYNEGA,110859264
Enemy,959,R438,Sam Gor,297511692
Enemy,959,6999,QbabyCc,239858666
Enemy,959,R438,開車中,235901285
Enemy,959,R438,通天教主,230891010
Enemy,959,6999,RyanCc,228178515
Enemy,959,202S,DoctorDay,183547448
Enemy,959,6999,幸運密碼,179619701
Enemy,959,R438,Cc們的羊,173171886
Enemy,959,6999,皇成昊,172304124
Enemy,959,202S,傳說Spa羅漢,162710479
Enemy,959,6999,幸運Naser炮灰玲,162133246
Enemy,959,MINI,menwoo,159996042
Enemy,959,6999,幸運C月寶,157396997
Enemy,959,R438,Ronald8133,156302647
Enemy,959,R438,賈賈,155998301
Enemy,959,6999,不死菜鳥,155313385
Enemy,959,R438,ImBubble εKotchaз,155120355
Enemy,959,R438,Mishaᵉ,154401844
Enemy,959,MINI,Touch119,152510172
Enemy,959,MINI,TheKopNo9,151780169
Enemy,959,R438,幸運蘋果,150620925
Enemy,959,R438,滅世max,150425739
Enemy,959,R438,老圓的拔拔,149784207
Enemy,959,202S,鬼迷了心竅b,149057874
Enemy,959,R438,KO 9,147967275
Enemy,959,202S,小薯b,147380424
Enemy,959,MINI,Pi Rat,145492090
Enemy,959,6999,AdairC,145057093
Enemy,959,6999,ADingTW,143935207
Enemy,959,6999,八八有點忙,143675575
Enemy,959,202S,幸運馬卡龍,143315141
Enemy,959,MINI,ZuNG,143006973
Enemy,959,6999,BaoBaoBaoBaoBao,142043147
Enemy,959,202S,飛57翔,140717072
Enemy,959,6999,熊貓瓜瓜球,140651651
Enemy,959,6999,台北古意人,140602538
Enemy,959,202S,QooQooKoo爆幸運,139789280
Enemy,959,R438,ChaiIB,139540870
Enemy,959,MINI,J5000,138952418
Enemy,959,202S,西瓜z,138801663
Enemy,959,6999,JamCc,138367197
Enemy,959,202S,猩猩比中指ya,137754945
Enemy,959,MINI,Dernal,137404188
Enemy,959,6999,Magnificat,136707807
Enemy,959,R438,真珠人,136328033
Enemy,959,MINI,x e i,135774618
Enemy,959,202S,SLEEPY CAT,135741597
Enemy,959,202S,4461,134678047
Enemy,959,202S,官Saying紅帽,134417403
Enemy,959,R438,麥蘆卡30,134122314
Enemy,959,MINI,Braydos179,133644336
Enemy,959,R438,WaGaLiPa,133455278
Enemy,959,6999,Mr幸運餅乾,132704460
Enemy,959,R438,EanB,132437723
Enemy,959,6999,威尼落鋪TangDSun,132227741
Enemy,959,R438,Cindy點點粉星,131846476
Enemy,959,R438,Yokopro,131786472
Enemy,959,R438,Evan Kk,131776034
Enemy,959,R438,dragoBaby,131711637
Enemy,959,6999,一顆小湯圓,131711514
Enemy,959,6999,EE貓貓,131450449
Enemy,959,R438,Ali 阿李,131376782
Enemy,959,MINI,绝代武神,130987890
Enemy,959,R438,童萌萌,130902904
Enemy,959,MINI,Butcher II,130831871
Enemy,959,6999,RayRayHK,130721686
Enemy,959,R438,安太歲了沒,129732578
Enemy,959,MINI,BruceXXX,129271334
Enemy,959,R438,Giant lee,129181834
Enemy,959,6999,火龍果,128541139
Enemy,959,6999,DoDocc,128416826
Enemy,959,6999,島玲甜酸酸,128286260
Enemy,959,R438,Doriii Doriii,128181321
Enemy,959,R438,蛋糕cяεαෆ,127953890
Enemy,959,MINI,LittleMozart,127874044
Enemy,959,R438,NEVER DIe,127842467
Enemy,959,R438,幸运五日,127660058
Enemy,959,MINI,Hallkl,127573230
Enemy,959,R438,李杜,127523656
Enemy,959,MINI,eoone,127115171
Enemy,959,R438,EREп,127114989
Enemy,959,202S,華简能,125926382
Enemy,959,MINI,The Last Hope 1,125574960
Enemy,959,R438,魔鬼KinG,125098975
Enemy,959,202S,Lekkk38,125096989
Enemy,959,202S,NAGATOMO,125053982
Enemy,959,R438,幸运熊猫,124628902
Enemy,959,202S,ann090725,124378286
Enemy,959,MINI,UtoyKlei,123949140
Enemy,959,R438,火之鳥FireBird,123929980
Enemy,959,202S,sky雜魚仔仔,123664208
Enemy,959,R438,SEE YOUUUUUUUU,123407577
Enemy,959,6999,Human being,122745992
Enemy,959,202S,口敖口鳥,122640271
Enemy,959,MINI,master StandIn,122498620
Enemy,959,6999,限量很殘酷,122329527
Enemy,959,MINI,MegaA,122325164
Enemy,959,MINI,MAGIC TRISHUL,122298899
Enemy,959,MINI,PandaCOCO,122203923
Enemy,959,6999,哥斯拉想睡觉,121702769
Enemy,959,438R,涵韻兒,120923897
Enemy,959,202S,MomGg1122,120624407
Enemy,959,MINI,mlOOlm,120411101
Enemy,959,202S,ZE ZERO,120345268
Enemy,959,R438,BANG66,120286691
Enemy,959,R438,ŠïřMY∆ø,120283583
Enemy,959,Oadk,月半橘,120216736
Enemy,959,6999,MewMewWw,120074121
Enemy,959,6999,梅人艾,119768633
Enemy,959,MINI,NongJohn,119684534
Enemy,959,438R,牧天歌,119469947
Enemy,959,R438,BIBIMBAB,119422814
Enemy,959,202S,TerA鬼魅,119410007
Enemy,959,202S,冬兒 500,119260118
Enemy,959,MINI,FireShack,118771353
Enemy,959,MINI,ϟNo10Devilϟ,118533690
Enemy,959,6999,幸運每日,118465481
Enemy,959,Oadk,LiGaWaPa,118370670
Enemy,959,6999,伊歐娜,118299495
Enemy,959,6999,NooMan,118263544
Enemy,959,438R,凱亞Kevin,118104163
Enemy,959,MINI,Sasuke1980,117561727
Enemy,959,R438,星星太亮眼,117469058
Enemy,959,R438,我是豆子,117391656
Enemy,959,R438,Kit Chang,117365492
Enemy,959,202S,Hex me,117171100
Enemy,959,Oadk,至尊龙婿叶辰,117075303
Enemy,959,202S,RONG愛人結婚了,116892235
Enemy,959,R438,輪胎阿富,116858219
Enemy,959,R438,CeraVee,116747946
Enemy,959,6999,天天不想上班,116212457
Enemy,959,MINI,แมวด้อ,116199945
Enemy,959,R438,BeverReaper,116108913
Enemy,959,R438,細菌人Re,115968724
Enemy,959,R438,wolfO,115769915
Enemy,959,Oadk,骨灰當K索,115567812
Enemy,959,MINI,Poprocks,115488116
Enemy,959,6999,我愛蘿,115269833
Enemy,959,R438,Strawberryeggs,115125324
Enemy,959,202S,BeeM VS Lung Bo,115005511
Enemy,959,202S,樺椛,114960958
Enemy,959,R438,光明燈該點了,114944700
Enemy,959,R438,G8gogogo,114829833
Enemy,959,6999,Loveyouallbro,114827835
Enemy,959,202S,薯条I,114737388
Enemy,959,6999,Paul包括,114700114
Enemy,959,Oadk,讚讚咪仔,114665081
Enemy,959,6999,Litvic,114651930
Enemy,959,202S,No這類型的道具,114610467
Enemy,959,MINI,Hu57Lee96,114524090
Enemy,959,6999,哄趕隨狼,114097335
Enemy,959,202S,莫I忘I初I衷,114000192
Enemy,959,R438,ImBubble εKotchaз,113523275
Enemy,959,MINI,ixexream,113396655
Enemy,959,R438,殘暴野豬王,113349304
Enemy,959,Oadk,rcman,113328757
Enemy,959,MINI,GeniusGG,113257992
Enemy,959,MINI,TRIPLEJ,113202725
Enemy,959,6999,鼻酸酸,113193653
Enemy,959,MINI,Babykotchaaaa,113147153
Enemy,959,202S,PotatoNinja,113100177
Enemy,959,MINI,Riennnn,113055563
Enemy,959,R438,伊勒斯,113007162
Enemy,959,R438,かわいいRuka,113005992
Enemy,959,MINI,味醂 500,112997752
Enemy,959,6999,空心脆薯,112991608
Enemy,959,438R,利姆路大小姐,112942571
Enemy,959,MINI,oOGoDOo,112771728
Enemy,959,R438,yeh1454,112692097
Enemy,959,6999,孔龙,112617538
Enemy,959,202S,KillBear,112541923
Enemy,959,R438,ORIGINAL x KENZEN,112537494
Enemy,959,R438,GBogogogo,112506655
Enemy,959,R438,Anna Lin,112480132
Enemy,959,R438,我愛黑香蕉,112407107
Enemy,959,6999,Lanby,112381988
Enemy,959,R438,範馬勇文郎,112348179
Enemy,959,R438,2OldADrama,112160829
Enemy,959,6999,來 來財,112109673
Enemy,959,R438,Jonnes Kiki Jay,112063453
Enemy,959,MINI,taj MD,112036285
Enemy,959,MINI,Ryũ,111992313
Enemy,959,R438,指揮官Kim阿北,111988902
Enemy,959,MINI,MsDoS,111845994
Enemy,959,6999,Matcha Lattee,111698977
Enemy,959,6999,KyroLucas,111663597
Enemy,959,6999,姓氏亨,111658082
Enemy,959,R438,Rodjutsu,111593222
Enemy,959,6999,LongPeace,111530113
Enemy,959,Oadk,扎鐵佬係我,111524267
Enemy,959,R438,胖头鱼778899,111479326
Enemy,959,438R,馬上到,111375762
Enemy,959,202S,Tsai Simon,111365847
Enemy,959,R438,伯納德 墨菲,111300122
Enemy,959,6999,幸運Gustjung,111295772
Enemy,959,R438,又蘭因絮果又,111152733
Enemy,959,202S,Apink EUNJI,111054615
Enemy,959,6999,sergeanttiago,111042414
Enemy,959,R438,宇文瀟湘,111040274
Enemy,959,MINI,x e i,110911512
Enemy,955,CutE,MysteriousP,259355660
Enemy,955,CutE,Cheng,204822743
Enemy,955,CutE,よしぱんyoshi✕,183054571
Enemy,955,HOM3,洛貝貝,173485760
Enemy,955,CutE,goron8 ✕,173072897
Enemy,955,HOM3,洛神花 湯 姆,167397188
Enemy,955,CutE,Yycjsjsjsbsbs,164711924
Enemy,955,CutE,master17934,161083424
Enemy,955,GraB,HANGMAN HANDSOM,161023034
Enemy,955,CutE,Umaibouzzzzz,159290988
Enemy,955,HOM3,PP Dark Engin,157307701
Enemy,955,HOM3,钮古禄卡,156301437
Enemy,955,CutE,z KITTEN z,155230578
Enemy,955,HOM3,張肥寶,153096445
Enemy,955,CutE,GOD of SUN ✕,152951905
Enemy,955,CutE,鯊愛多莉,152038411
Enemy,955,PYRE,LovemeLovemydogmycat,151189456
Enemy,955,CutE,アレン Allen✕,150318248
Enemy,955,CutE,HITOTUNAGI-HITO✕,148951722
Enemy,955,GraB,Sarayut Phungsara,148580725
Enemy,955,GraB,pharan,147819809
Enemy,955,CutE,Chiefp9,146849719
Enemy,955,CutE,Cherry,146306974
Enemy,955,CutE,doruto ✕,143805969
Enemy,955,HOM3,SoveyCc,143650168
Enemy,955,HOM3,rockdog,143352201
Enemy,955,HOM3,佛魔邪心,143004627
Enemy,955,CutE,人生別太計較,142810140
Enemy,955,GraB,OAT BARCAA,140463866
Enemy,955,HOM3,佛魔邪靈獅,140273616
Enemy,955,HOM3,AKIRAツ,140221132
Enemy,955,GraB,吃我吃我吃我,139316907
Enemy,955,CutE,TJMTˢб,139175034
Enemy,955,CutE,TrozOz,138731355
Enemy,955,CutE,dokomademodoor✕,138627974
Enemy,955,CutE,Pasta de 麵麵,138191665
Enemy,955,HOM3,TinTinMk,137307256
Enemy,955,PYRE,Msandjm,136962055
Enemy,955,GraB,Joke Commander,136738406
Enemy,955,CutE,Angelーbride,136532151
Enemy,955,GraB,ヅArtemis Gerberヅ,136407089
Enemy,955,CutE,Mario llllllllllll,136243774
Enemy,955,CutE,littlebug,136154029
Enemy,955,GraB,Amaging Pawi,135800922
Enemy,955,HOM3,BAN3555,135287379
Enemy,955,???,lagggs V2,135274650
Enemy,955,CARA,蘑菇先生,134861865
Enemy,955,HOM3,轟三 炮,134289142
Enemy,955,CutE,PLAYER NAME,133234877
Enemy,955,CutE,whack888,132547789
Enemy,955,CutE,Maurice Lacroix,131733926
Enemy,955,GraB,จอนYuT,131678507
Enemy,955,GraB,DOgyStly,131486014
Enemy,955,CutE,劭酷妖,130781962
Enemy,955,HOM3,高西茵娜,130631518
Enemy,955,CutE,冰糖雪雪,130043618
Enemy,955,napp,ひる Hiru ✕,130006848
Enemy,955,GraB,chai Harley,129814140
Enemy,955,GraB,Nutty pink,129352553
Enemy,955,PHTH,zz Move on zz,128731749
Enemy,955,GraB,l3εllε,128145318
Enemy,955,GraB,PaenLaen,128136984
Enemy,955,PHTH,Klütz,127977903
Enemy,955,CutE,Mildee,127918408
Enemy,955,GraB,Song 泰国,127523397
Enemy,955,GraB,Jay garrick,127276097
Enemy,955,CutE,短毛貓,127217468
Enemy,955,GraB,Nigh club,124032872
Enemy,955,CutE,末日壽司3兄弟,123708316
Enemy,955,PHTH,karumaruka,123681700
Enemy,955,PHTH,Dreamdedi,123322030
Enemy,955,PYRE,Caramine22,123113367
Enemy,955,HOM3,冷瞳貓,122850550
Enemy,955,CutE,in Peace,122732737
Enemy,955,CutE,mawnoi,122542589
Enemy,955,PYRE,MistyLakes,122139264
Enemy,955,GraB,nanny nan,122040660
Enemy,955,CutE,Zombie Killer705✕,122019674
Enemy,955,CutE,Lin小毅,121289397
Enemy,955,CutE,響ーhibiki✕,121221702
Enemy,955,PYRE,ROACH619,121110835
Enemy,955,CARA,暴力的鴨子,120672790
Enemy,955,PYRE,GrapplerAus,120639682
Enemy,955,CutE,kk爆爆龍,120459174
Enemy,955,GraB,白白的白奈,120326188
Enemy,955,PYRE,Saboke,120254765
Enemy,955,CutE,ThePathOfTheWind,120037361
Enemy,955,CARA,94GY,119787705
Enemy,955,GraB,KobKoro,119588813
Enemy,955,PHTH,SKYLine888,119536718
Enemy,955,CutE,DraGon D,119485134
Enemy,955,GraB,อะไรร็อn,119398102
Enemy,955,CutE,森上梅友柑,119290634
Enemy,955,HOM3,AllDayDayHappy,119143860
Enemy,955,CutE,Socray,119011692
Enemy,955,CARA,指揮官23f46955,118978780
Enemy,955,CutE,盲目的生活,118906911
Enemy,955,CutE,aripeee ✕,118899588
Enemy,955,CutE,Mark Wu,118822853
Enemy,955,CutE,企鵝小跟班,118809662
Enemy,955,HOM3,STN KissDiamond,118619761
Enemy,955,HOM3,Owl芋泥黑粉圓,117952929
Enemy,955,GraB,ฬเเลี้ยว,117812237
Enemy,955,CutE,杵著,117792271
Enemy,955,GraB,hanakar,117660751
Enemy,955,CutE,光之灵,117426108
Enemy,955,PHTH,bewzawa,117339246
Enemy,955,HOM3,JC咖,117233699
Enemy,955,HOM3,Geolin,117196021
Enemy,955,???,lagggs,117111062
Enemy,955,HOM3,Naruto孫à狗來福,117028263
Enemy,955,HOM3,寶寶琳,116909208
Enemy,955,GraB,PapsiRedmachineˢб,116722982
Enemy,955,PYRE,Krunchy85,116536751
Enemy,955,PYRE,CrazyJJ88,116197731
Enemy,955,PYRE,Scar lett,115665026
Enemy,955,HOM3,Benimaru Nikaido,115642252
Enemy,955,GraB,บี อ ป,115475151
Enemy,955,CutE,胡嚕胡嚕,115241914
Enemy,955,PYRE,Voldissa,115136663
Enemy,955,HOM3,醉意朦朧,114964407
Enemy,955,CutE,มาโบ Baboyah,114745586
Enemy,955,???,我有bear來,114624612
Enemy,955,CutE,叉奇,114491436
Enemy,955,CutE,炎堡,114483844
Enemy,955,HOM3,sam賢,114426596
Enemy,955,CutE,Oasis Sakura,114400715
Enemy,955,CutE,MIYA ✕,114371598
Enemy,955,PHTH,JudzzyMook,114306619
Enemy,955,GraB,Sammy SD,114274355
Enemy,955,HOM3,独领风S大杨桃,113860953
Enemy,955,CARA,時間停止器,113520919
Enemy,955,CutE,豆浆加油条,113316181
Enemy,955,CutE,熱爐,113288017
Enemy,955,PHTH,Boe BB,113256458
Enemy,955,CutE,hmago,113224124
Enemy,955,CutE,MapleGeorge,113190135
Enemy,955,GraB,o:ไรกียอห,113092646
Enemy,955,HOM3,咚倒西歪,112871243
Enemy,955,CutE,Nightmare악몽,112846146
Enemy,955,CARA,勳爺,112766966
Enemy,955,HOM3,阿沙Blue,112724051
Enemy,955,GraB,chaiturbo,112675181
Enemy,955,GraB,Bigboss929,112613935
Enemy,955,HOM3,洛元錠wakamoto,112101289
Enemy,955,CutE,SOJ RonG SOJ,111866545
Enemy,955,GraB,supernib,111642451
Enemy,955,PHTH,GOD Ddddˢб,111642052
Enemy,955,CutE,Nobi yashiki ✕,111623885
Enemy,955,CARA,沫沫汎,111518800
Enemy,955,CutE,YuKeiSo ✕,111463960
Enemy,955,GraB,ッNONNYッ,111269262
Enemy,955,PHTH,Bumblebee TH,111227293
Enemy,955,HOM3,蓝珂,111177169
Enemy,955,CutE,Whatever Nui,110835353
Enemy,955,CutE,Darkdraco 阿努Dx,110664264
Enemy,955,CARA,JC優格,110660586
Enemy,955,???,Legend Boy,110384039
Enemy,955,CutE,setay,110344926
Enemy,955,GraB,น็อล Noonz,110265890
Enemy,955,HOM3,YYC7,110179184
Enemy,955,GraB,ʚ BaiToey ɞ,110016207
Enemy,955,GraB,tingliw,109969846
Enemy,955,CutE,pico p✕,109877454
Enemy,955,GraB,กาเทกิม,109869845
Enemy,955,PYRE,Wittle shrekkles,109832798
Enemy,955,CutE,Snake D,109387454
Enemy,955,???,Sharklock鯊洛克,109368060
Enemy,955,CARA,Aaron的盾悟人生,109336420
Enemy,955,CARA,婧如,109139091
Enemy,955,HOM3,洛BBBiscuit,108980292
Enemy,955,CARA,怒海狂濤,108878777
Enemy,955,CutE,えど Edo ✕,108834425
Enemy,955,GraB,Imw3,108807408
Enemy,955,HOM3,佛魔邪鷹,108691849
Enemy,955,GraB,Tyftyf,108511437
Enemy,955,GraB,我是陳小怪,108253248
Enemy,955,GraB,อะไรหรรา,108147777
Enemy,955,PYRE,D raz,108127318
Enemy,955,GraB,Porby,108111472
Enemy,955,GraB,DreamMers,107954330
Enemy,955,PYRE,黑暗騎士微風,107914051
Enemy,955,CutE,Inph1n1ty,107881740
Enemy,955,PYRE,Necrosphere,107876924
Enemy,955,CutE,OdinLoki00,107768936
Enemy,955,PYRE,AmJaDg,107674486
Enemy,955,HOM3,飛魚高校生,107266166
Enemy,955,HOM3,眼冒金猩,107254502
Enemy,955,GraB,Monkey D Konggg,106798448
Enemy,955,HOM3,我不看月亮o,106581671
Enemy,955,GraB,MY NAME BRI AON,106463183
Enemy,955,GraB,So GooD,106437910
Enemy,955,PHTH,GU Toey,106263138
Enemy,946,KDIR,ぴたぱん,335909488
Enemy,946,DRTC,やまyama55,264457332
Enemy,946,DRTC,黒烏龍blackoolong,250132298
Enemy,946,HMTE,YこはるたんY946,243914390
Enemy,946,DRTC,Symphony17,236647659
Enemy,946,DRTC,FROZ3N,209981247
Enemy,946,jsR,とらごんさん,195847156
Enemy,946,DRTC,ロディーメ Rody,193790478
Enemy,946,DRTC,Dün Dün,186318961
Enemy,946,ELFy,YchinamiY11,185252583
Enemy,946,DRTC,LJ zzZ,182353658
Enemy,946,DRTC,しんふぉ,172593844
Enemy,946,KDIR,DC64,172274922
Enemy,946,SEC9,〓ハイライト〓,172054268
Enemy,946,ELFy,ଘდ habiY ღଓ,170298703
Enemy,946,HMTE,Daba0902,169503413
Enemy,946,HMTE,Kandera,165316132
Enemy,946,HMTE,Engage RURU,165299888
Enemy,946,DRTC,澐儿,165132864
Enemy,946,DRTC,アラエント,159071057
Enemy,946,HMTE,百鬼神,157158610
Enemy,946,HMTE,守崎 摩耶 PonPon,156824313
Enemy,946,ELFy,Kelvin 村長,156719722
Enemy,946,DRTC,777面体ダイス,156679386
Enemy,946,HMTE,ーNORIー,156383154
Enemy,946,jsR,Ⅱ戦Ⅱ,156190700
Enemy,946,DRTC,GXXVI,154944682
Enemy,946,DRTC,ニャンコ先生22,152678096
Enemy,946,DRTC,yuu23,152049456
Enemy,946,ELFy,R K A N A,150880952
Enemy,946,DRTC,MUTAちゃんDX,150636093
Enemy,946,DRTC,TT93uma,150369042
Enemy,946,ELFy,んあんちゃんP5,149575514
Enemy,946,ELFy,Y 11 Y Eleven Mui,149204916
Enemy,946,ELFy,DaYfukuઉઉ,149143858
Enemy,946,DRTC,ねこちゅ99,148480827
Enemy,946,DRTC,ENKORO,148446836
Enemy,946,DRTC,のーぱん太郎s,147722366
Enemy,946,SEC9,〓 ONINMI II 〓,147630754
Enemy,946,HMTE,シュトルム,146784061
Enemy,946,DRTC,さちp,146749869
Enemy,946,DRTC,おはちゅん,146746201
Enemy,946,SEC9,〓 ANMI II 〓,145706295
Enemy,946,ELFy,みもぴー,145550696
Enemy,946,ELFy,po ta to GOD,145075857
Enemy,946,jsR,96neko718,144847033
Enemy,946,jsR,RIRERA,144230571
Enemy,946,SEC9,USAGI3,144095520
Enemy,946,DRTC,CJR zzZ,144046829
Enemy,946,ELFy,Y Mui,143886471
Enemy,946,KDIR,ぷいぷいがお,143885405
Enemy,946,SEC9,〓 チャハゲ 〓,143529870
Enemy,946,HMTE,yuritaro,143176440
Enemy,946,HMTE,Coco ఞ,143157226
Enemy,946,HMTE,nokanan,143023363
Enemy,946,OTER,ゆいもも1,142593988
Enemy,946,jsR,エル39,142161375
Enemy,946,DRTC,Gucci55,142045298
Enemy,946,ELFy,嬰兒 Yoda,142023577
Enemy,946,DRTC,甘いもの好き,141432921
Enemy,946,jsR,cryptomeria japonica,141417308
Enemy,946,ELFy,Resachi,140953923
Enemy,946,KDIR,qoone415,140774229
Enemy,946,DRTC,hapi はぴ,140330713
Enemy,946,DRTC,Kinkin12345,140019476
Enemy,946,jsR,なぁちゅん,139418884
Enemy,946,LuNE,katsuaki,139317166
Enemy,946,ELFy,Y 1 Y azu chan,139134174
Enemy,946,PM62,Fingfin,139032326
Enemy,946,ELFy,Y 888 Y Apui,138728549
Enemy,946,DRTC,まけるな金太,138682397
Enemy,946,jsR,アルエル,138621069
Enemy,946,HMTE,コロさんさん,138620339
Enemy,946,ELFy,ELF 11 〆KAJI 〆,137944758
Enemy,946,DAYs,茶丸丸,137302485
Enemy,946,HMTE,ネコぱんちw,136751839
Enemy,946,KDIR,shinじん陽,136247253
Enemy,946,SEC9,mogu推しの愛doll,136150643
Enemy,946,DRTC,ちゃーCiao,136060336
Enemy,946,SEC9,〓 USK6 〓,135719325
Enemy,946,jsR,たけともはる,135639907
Enemy,946,jsR,スカベン,135086474
Enemy,946,jsR,dynamic123,134449309
Enemy,946,SEC9,〓 両手で 〓,134225660
Enemy,946,DRTC,kasanegi,133704301
Enemy,946,LuNE,FUNFUN ΞowoΞ,133131169
Enemy,946,jsR,kokorahen,133093294
Enemy,946,???,雛酱,132739144
Enemy,946,HMTE,ハクトウ鷲空,132473863
Enemy,946,DRTC,Atlanticサーモン,132228618
Enemy,946,jsR,JJJJじぇい,132160071
Enemy,946,YorA,パチアキ,131734141
Enemy,946,HMTE,月影1e,131030168
Enemy,946,DRTC,kyoshou,131002226
Enemy,946,DRTC,三代目xコロx,130993015
Enemy,946,HMTE,sHiGe,130745867
Enemy,946,KDIR,熊猫kumaneko,130617623
Enemy,946,HMTE,Jona77777,130365458
Enemy,946,DRTC,C H O M S K Y,130354401
Enemy,946,SEC9,〓 TK2929 〓,130138309
Enemy,946,KDIR,sαkμ,129983650
Enemy,946,ELFy,KT不緊張小姐,129905384
Enemy,946,jsR,すほに,129677307
Enemy,946,KDIR,まかべー,129419566
Enemy,946,DRTC,たいはく王蟲,129274754
Enemy,946,DRTC,γιρєяιôή,129228252
Enemy,946,DAYs,リクルキ,129039401
Enemy,946,DRTC,らぁ油 La-yu,128856286
Enemy,946,ELFy,三花貓KK,128658997
Enemy,946,ELFy,Y J H,128608984
Enemy,946,DRTC,塗壁の兄貴,128303770
Enemy,946,DRTC,熊犬Bear Dog,128157489
Enemy,946,HMTE,ラモモ彡LaMoMo,128155257
Enemy,946,ELFy,甲覇營淦嵐,127892572
Enemy,946,KDIR,ケケダ,127828002
Enemy,946,KDIR,ぎんしゃん,127291089
Enemy,946,DAYs,ドジャーニー,127198727
Enemy,946,KDIR,なお19,127000952
Enemy,946,PM62,Randran,126918926
Enemy,946,DRTC,OhHolyHammer,126894130
Enemy,946,SEC9,〓 黒G 〓,126767626
Enemy,946,DRTC,ゝvellゝ,126702142
Enemy,946,PM62,Ir07,126623842
Enemy,946,KDIR,あげ男,126476386
Enemy,946,ELFy,OnlyChoco,126377005
Enemy,946,jsR,masa59,126153368
Enemy,946,HMTE,ΦまっつんΦ,126136114
Enemy,946,OTER,華梨子,126071065
Enemy,946,DRTC,ZerÖne,125798174
Enemy,946,DRTC,サラダマキ,125684655
Enemy,946,KDIR,頑武,125543824
Enemy,946,DAYs,fighter2626,125455470
Enemy,946,ELFy,魔女教徒Betelgeu,125195436
Enemy,946,DRTC,S A N N O N,125139961
Enemy,946,jsR,charamaru,125123377
Enemy,946,KDIR,かーりい,124942782
Enemy,946,DAYs,坊 ねずみ,124910951
Enemy,946,FriM,黒ヒソカ,124395985
Enemy,946,DRTC,Frost Ace of Spades,124295715
Enemy,946,DRTC,Zaff7979,124178401
Enemy,946,KDIR,BroMims,123761487
Enemy,946,KDIR,たぴまーる,123744040
Enemy,946,FriM,しゃむろっくvo,123720333
Enemy,946,ELFy,CuPofTea,123695818
Enemy,946,DRTC,Blangsz,123535505
Enemy,946,DRTC,リョウスカイ,123522241
Enemy,946,DAYs,donloong,123302110
Enemy,946,ELFy,CoRo 小羅絲,123228524
Enemy,946,jsR,Apoろん,123108769
Enemy,946,SEC9,〓ぽくさいpoxi〓,122992859
Enemy,946,7dds,ちーちゃんx,122951085
Enemy,946,KDIR,べびため,122733501
Enemy,946,jsR,クリークSI,122609874
Enemy,946,SEC9,ଘღcharoღଓ,122550650
Enemy,946,HMTE,Anti Michat,122438065
Enemy,946,SEC9,〓KOMUGI〓,122431716
Enemy,946,KDIR,96010,122424817
Enemy,946,KDIR,ぴ燕沢,122397779
Enemy,946,HMTE,一本義,122300181
Enemy,946,HMTE,ichimiya,122256267
Enemy,946,KDIR,hiro50,122235572
Enemy,946,DRTC,ポテトL potato,122162140
Enemy,946,OTER,N yan,122115516
Enemy,946,DRTC,xXx lordlackie,122091211
Enemy,946,DRTC,あーちゃんvv,122084605
Enemy,946,KDIR,のぶじゃ,122084010
Enemy,946,DRTC,コロちゃんＸＸ,121622012
Enemy,946,SEC9,mii244,121528698
Enemy,946,DRTC,Nightshåde,121476352
Enemy,946,DRTC,Exo Kong,121433315
Enemy,946,jsR,ムスカIиFIиITÿ,121347844
Enemy,946,HMTE,まさ12345678,121147572
Enemy,946,GenD,Secret Affair,121143547
Enemy,946,ELFy,chopperrrr,121099502
Enemy,946,jsR,1 9 2003,121086932
Enemy,946,ELFy,Stories,121001951
Enemy,946,KDIR,nimatom,120901429
Enemy,946,ELFy,Battle 妹,120851783
Enemy,946,DRTC,PaHyooo,120778119
Enemy,946,DAYs,クラット,120710112
Enemy,946,HMTE,笑う職人,120676313
Enemy,946,DRTC,JegerRr,120625967
Enemy,946,HMTE,NDFilterR,120586678
Enemy,946,DRTC,Xx P U R B A Y A xX,120560169
Enemy,946,ELFy,innocent90,120489544
Enemy,946,jsR,OKうまっこ,120263435
Enemy,946,SEC9,〓賞味期限〓,120237327
Enemy,946,FriM,Maiccoo,120078117
Enemy,946,jsR,PAPA39family,120062241
Enemy,946,DRTC,ジャンゴイワ,120024883
Enemy,946,PM62,BangJM,120008871
Enemy,946,HMTE,OjiGori,119992384
Enemy,946,DAYs,渋渋,119983872
Enemy,946,ELFy,1d4938,119948767
Enemy,946,jsR,ad710,119925876
Enemy,946,OTER,ぽんまどか,119788005
Enemy,946,DRTC,天羽55,119756449
Enemy,946,DAYs,Powεrζou彡,119631639
Enemy,946,DAYs,のーすあん,119611054
Enemy,946,ELFy,れいわと,119502642
Enemy,958,SLaP,Leo The Peasant,383465013
Enemy,958,SLaP,War Machine BV,277818393
Enemy,958,SLaP,KΛTMÜЯΛI,208118691
Enemy,958,SLaP,GATORCO,202137425
Enemy,958,SLaP,UltimateGrandad,200923658
Enemy,958,SLaP,BlackDiamond44,184930558
Enemy,958,PFB,DoNotMoveByZelda,184256692
Enemy,958,SLaP,Kalabresy,179099980
Enemy,958,SLaP,Der Governor ඞ,177734115
Enemy,958,SLaP,QUINO,175149556
Enemy,958,SLaP,Blackwavé,171153340
Enemy,958,SLaP,NaoSensei,169017569
Enemy,958,SLaP,RubyÆgon Merry Xmas,168079616
Enemy,958,SLaP,Céléane,167567561
Enemy,958,SLaP,Big daddy Sinatra,166609088
Enemy,958,SLaP,SaKKa,165351648
Enemy,958,PFB,THE real YASBRO,163493369
Enemy,958,SLaP,0 Hellvetic 0,160292294
Enemy,958,SLaP,Suzumebashi,158572303
Enemy,958,SLaP,Pantaඞ,156195183
Enemy,958,SLaP,Commander 331b1910,155609419
Enemy,958,SLaP,ST KRO,155445158
Enemy,958,PFB,Lücifer,155387194
Enemy,958,Mad1,Business101,152897189
Enemy,958,QuAC,Zeb Hotep,151245257
Enemy,958,SLaP,RenderRift,151152957
Enemy,958,SLaP,Alienek,148934487
Enemy,958,SLaP,MonkeyDRuffy05K,148805555
Enemy,958,SLaP,Snow LeoPard,147393054
Enemy,958,TLOS,VitaNoctis,147057573
Enemy,958,PFB,MaxMonsteer,146848593
Enemy,958,SLaP,Znakomity,146107342
Enemy,958,AZoo,Brian Belledonde,145524792
Enemy,958,SLaP,Majk the Lawyer,145201004
Enemy,958,PFB,Mick 90,145122142
Enemy,958,Mad1,Spellboundx,144892073
Enemy,958,SLaP,Wassoukiඞ,143167423
Enemy,958,SLaP,PIZZAT1ME,142898502
Enemy,958,SLaP,AlisiaJordan,141600758
Enemy,958,Mad1,Definitely DaCanKong,141469152
Enemy,958,QuAC,Juju2bcorsica,141431629
Enemy,958,Mad1,DefenitlyNot Flø,141430913
Enemy,958,Mad1,Azimut777,141169669
Enemy,958,SLaP,Obǐ,140693143
Enemy,958,SLaP,alex42er,140692798
Enemy,958,SLaP,Wheats21,140376467
Enemy,958,PFB,KingPH,140353087
Enemy,958,QuAC,Tossman,140014986
Enemy,958,SLaP,Lord Hoopy,139553555
Enemy,958,SLaP,Canucklehed,139442640
Enemy,958,PFB,Amchum,138986047
Enemy,958,SLaP,MUGIWARA LUFFY,138936038
Enemy,958,Mad1,Shannabelle,138463827
Enemy,958,SLaP,snowmama,138264850
Enemy,958,PFB,bomand,138084767
Enemy,958,PFB,Scarface36,137522475
Enemy,958,PFB,MrHoneyTR,137421868
Enemy,958,Mad1,spiral,136133041
Enemy,958,SLaP,Ã J,135955543
Enemy,958,SLaP,L3x1ngt0n,135884649
Enemy,958,PFB,Pjate,135590843
Enemy,958,SLaP,playingmykidsgame,135190158
Enemy,958,PFB,Behiiiiiii,134963724
Enemy,958,SLaP,Infamous ツ,134758782
Enemy,958,PFB,Insanefungus,134523072
Enemy,958,PFB,Audi A6 C8,133700198
Enemy,958,PFB,br00gle,133665594
Enemy,958,SLaP,PhokingJason,133248826
Enemy,958,SLaP,DerMo,133139725
Enemy,958,QuAC,PopoloMax,132477824
Enemy,958,SLaP,Davem1985War,132202678
Enemy,958,SLaP,Meilyn Rehl,131938274
Enemy,958,QuAC,Rimuru616,131921395
Enemy,958,AZoo,DanDo,131885305
Enemy,958,SLaP,ZzzzKiller,131500750
Enemy,958,SLaP,TchikyFlow44,131398724
Enemy,958,SLaP,Kuri망쥬,130659814
Enemy,958,SLaP,Kírko,130346443
Enemy,958,SLaP,Cheezmochi,130343837
Enemy,958,SLaP,AlkHalDi911,129837470
Enemy,958,SLaP,BetonOnur,129461941
Enemy,958,QuAC,TheGreatFellow,128874473
Enemy,958,Mad1,Wintogo,128099004
Enemy,958,SLaP,WIGARDT,127964749
Enemy,958,SLaP,PuNi BuLL,127918092
Enemy,958,SLaP,Manuel 1993,127885121
Enemy,958,Mad1,Pep666,127249472
Enemy,958,PFB,KingAzz,126841300
Enemy,958,Mad1,Coronaburg,126613642
Enemy,958,TGMW,Astor115,126085904
Enemy,958,Mad1,Sniper Orca,126043011
Enemy,958,PFB,Dunscd,125846612
Enemy,958,PFB,Marie EvaLuna,125832961
Enemy,958,Mad1,BiGOoO,125619380
Enemy,958,QuAC,Big gjteddy2B,125544454
Enemy,958,PFB,Krasny007,125518177
Enemy,958,DJs,Stubis,125508012
Enemy,958,QuAC,Ứputhy,125305710
Enemy,958,QuAC,kisswinniecool,125153101
Enemy,958,SLaP,ShadowChildඞ,124626240
Enemy,958,PFB,UnkY,124191392
Enemy,958,AZoo,5LiCk,124182846
Enemy,958,Mad1,señor diamantes,123714910
Enemy,958,PFB,xansess,123710523
Enemy,958,SLaP,Do not move by SVK,123648749
Enemy,958,PFB,J a m e s,123371676
Enemy,958,PFB,Bad monkey,123272104
Enemy,958,QuAC,Sung DripWoo,122836143
Enemy,958,PFB,Xstarte Lionheart,122802202
Enemy,958,PFB,ZEUS500Fabio,122344943
Enemy,958,ILX,P1NTA,122235852
Enemy,958,QuAC,Gunthard Booze Nukem,121981755
Enemy,958,SLaP,Lehmii,121580920
Enemy,958,SLaP,angelema007,121292412
Enemy,958,Mad1,LA BOMBA 神,121266906
Enemy,958,SLaP,x Gunfighter x,121060263
Enemy,958,QuAC,Bouddhaaa,121047015
Enemy,958,Mad1,Mr Xim,120941408
Enemy,958,PFB,jimbow38,120857262
Enemy,958,???,Ċrash,120623865
Enemy,958,SLaP,PandaPuffs,120596584
Enemy,958,SLaP,gti350,120452742
Enemy,958,PFB,Ryan r,120409922
Enemy,958,QuAC,Weetoonger,120050853
Enemy,958,Mad1,häl,119954466
Enemy,958,QuAC,Not Sylax,119685248
Enemy,958,SLaP,Paracetamol12,119602167
Enemy,958,PFB,boyleyuk,119530244
Enemy,958,TGMW,Jacobus52999,119473991
Enemy,958,SLaP,榛 Hazkel,119447960
Enemy,958,PFB,Yansp64,119222886
Enemy,958,Mad1,Andi0394,119154532
Enemy,958,PFB,Lord Napo,119105974
Enemy,958,PFB,inQb,119089667
Enemy,958,Mad1,Ĩ am Vènom,118874309
Enemy,958,Mad1,Infernios,118816760
Enemy,958,TLOS,tom270286,118749173
Enemy,958,QuAC,Pepito Dhelas Vegas,118681718
Enemy,958,SLaP,Nitzieex,118552255
Enemy,958,SLaP,Betignos,118445732
Enemy,958,DJs,H A R R Y V2,118445709
Enemy,958,SLaP,BATAa,118319288
Enemy,958,QuAC,Rainer333333,117968089
Enemy,958,SLaP,bulldozer79,117916651
Enemy,958,SLaP,edinstveniq,117890256
Enemy,958,Mad1,flusminusminus,117867528
Enemy,958,ILX,Melman the Fury,117708501
Enemy,958,PFB,HvE,117670553
Enemy,958,QuAC,Jojo Bro,117566419
Enemy,958,QuAC,Axblast,117564520
Enemy,958,QuAC,SAITAMA,117470439
Enemy,958,Mad1,LATAM,117406406
Enemy,958,QuAC,Santa Kurōsu,117222052
Enemy,958,QuAC,Toss17600,117180725
Enemy,958,AZoo,joe65,117094705
Enemy,958,Mad1,o m a r,117063914
Enemy,958,DJs,eaxor,116989728
Enemy,958,Mad1,Milarell,116987865
Enemy,958,Mad1,Mcrow33,116977535
Enemy,958,Mad1,No more names,116712193
Enemy,958,SLaP,Blóòdy Undertaker,116687860
Enemy,958,Mad1,Firie,116670609
Enemy,958,QuAC,ChaotenCamp,116454073
Enemy,958,SLaP,ÒNE,116342694
Enemy,958,SLaP,Lio 86,116284524
Enemy,958,Mad1,Smiling,116231624
Enemy,958,SLaP,BlackSirona,116226665
Enemy,958,QuAC,knooz,116218723
Enemy,958,QuAC,ShadOwFury,116091365
Enemy,958,PFB,MonkeyBusinesS,116015726
Enemy,958,AZoo,Supremo1802,115987970
Enemy,958,DJs,stacy90,115916945
Enemy,958,DJs,CroMagnonR,115886048
Enemy,958,AZoo,Johnnie Walker Blue,115474276
Enemy,958,QuAC,DeadPòóL,115465469
Enemy,958,Mad1,Neoark,115438406
Enemy,958,SLaP,MPH Memphis,115404816
Enemy,958,DJs,SuomiPerkele,115380699
Enemy,958,Mad1,Ohmyb13,115314991
Enemy,958,PFB,Kuzma1,115305611
Enemy,958,Mad1,Belchybaby,115159169
Enemy,958,Mad1,Wrath of Sol,115121830
Enemy,958,Mad1,Rogueol,115058705
Enemy,958,Mad1,PanzerCronos,114783696
Enemy,958,QuAC,SeilGraph31,114771989
Enemy,958,SLaP,RilouOKLM,114762641
Enemy,958,Mad1,Wurzelbert,114637629
Enemy,958,Mad1,HichamM,114620379
Enemy,958,Mad1,Nappo87,114521621
Enemy,958,Mad1,NereChurchy,114492002
Enemy,958,PFB,Gavner,114474001
Enemy,958,Mad1,Juandabris,114339860
Enemy,958,PFB,Rhiino,114243920
Enemy,958,Mad1,NSH999,114182247
Enemy,958,QuAC,Mr Demĩmølëtte,114127066
Enemy,958,Mad1,Tronowski,114079943
Enemy,958,QuAC,Jeid Dot,114075209
Enemy,958,SLaP,o l i v i e r,113981519
Enemy,958,Mad1,allgreat27,113899810
Enemy,958,SLaP,st3ffx,113885375
Enemy,955,CutE,豆ちゃんmame✕,126866973
Enemy,955,CutE,EBOny G,126168886
Enemy,955,GraB,Black Panther No888,126124813
Enemy,955,CutE,𓆩 jk 𓆪,124944599
Enemy,955,HOM3,Wow wow wow wow,124942012
Enemy,955,CutE,Yuureii,124595590
Enemy,955,PYRE,Sock Money,124133438

